<?xml version="1.0" encoding="UTF-8"?>
<!--
  ~ Copyright (c) 2020 pig4cloud Authors. All Rights Reserved.
  ~
  ~ Licensed under the Apache License, Version 2.0 (the "License");
  ~ you may not use this file except in compliance with the License.
  ~ You may obtain a copy of the License at
  ~
  ~     http://www.apache.org/licenses/LICENSE-2.0
  ~
  ~ Unless required by applicable law or agreed to in writing, software
  ~ distributed under the License is distributed on an "AS IS" BASIS,
  ~ WITHOUT WARRANTIES OR CONDITIONS OF ANY KIND, either express or implied.
  ~ See the License for the specific language governing permissions and
  ~ limitations under the License.
  -->

<!DOCTYPE mapper PUBLIC "-//mybatis.org//DTD Mapper 3.0//EN" "http://mybatis.org/dtd/mybatis-3-mapper.dtd">
<mapper namespace="com.pig4cloud.pig.admin.mapper.SysMenuMapper">

	<!-- 通用查询映射结果 -->
	<resultMap id="BaseResultMap" type="com.pig4cloud.pig.admin.api.entity.SysMenu">
		<id column="menu_id" property="menuId"/>
		<result column="name" property="name"/>
		<result column="permission" property="permission"/>
		<result column="path" property="path"/>
		<result column="parent_id" property="parentId"/>
		<result column="icon" property="icon"/>
		<result column="sort" property="sort"/>
		<result column="type" property="type"/>
		<result column="keep_alive" property="keepAlive"/>
		<result column="create_time" property="createTime"/>
		<result column="update_time" property="updateTime"/>
		<result column="del_flag" property="delFlag"/>
	</resultMap>

	<resultMap id="MenuVoResultMap" type="com.pig4cloud.pig.admin.api.vo.MenuVO">
		<id column="menu_id" property="menuId"/>
		<result column="name" property="name"/>
		<result column="permission" property="permission"/>
		<result column="parent_id" property="parentId"/>
		<result column="icon" property="icon"/>
		<result column="path" property="path"/>
		<result column="sort" property="sort"/>
		<result column="keep_alive" property="keepAlive"/>
		<result column="type" property="type"/>
		<result column="create_time" property="createTime"/>
		<result column="update_time" property="updateTime"/>
		<result column="del_flag" property="delFlag"/>
	</resultMap>

	<!--通过角色查询菜单信息-->
	<select id="listMenusByRoleId" resultMap="MenuVoResultMap">
		SELECT
			sys_menu.*
		FROM
			sys_menu
		LEFT JOIN sys_role_menu ON sys_menu.menu_id = sys_role_menu.menu_id
		WHERE
			sys_menu.del_flag = 0
		AND sys_role_menu.role_id = #{roleId}
		ORDER BY
			sys_menu.sort DESC
    </select>

	<!--通过角色ID 查询权限-->
	<select id="listPermissionsByRoleIds" resultType="java.lang.String">
        SELECT
            m.permission
        FROM
        sys_menu m, sys_role_menu rm WHERE m.menu_id = rm.menu_id AND m.del_flag = 0 AND rm.role_id IN (#{roleIds})
    </select>
</mapper>
